,mean,std
Activity_acc,0.8666667342185974,0.0
Activity_macroF1,0.699999988079071,0.0
AVG_total_loss,0.46840454638004303,0.026418213629083274
