Activity_acc,Activity_macroF1,AVG_total_loss
0.8666667342185974,0.699999988079071,0.4870850443840027
0.8666667342185974,0.699999988079071,0.4497240483760834
