,mean,std
Activity_acc,0.8131868243217468,0.03108161490284391
Activity_macroF1,0.75674769282341,0.007002741026933554
AVG_total_loss,0.35354505479335785,0.03013324759107603
