Activity_acc,Activity_macroF1,AVG_total_loss
0.8351648449897766,0.761699378490448,0.3322376310825348
0.791208803653717,0.7517960071563721,0.3748524785041809
