,mean,std
Activity_acc,0.5,0.015371882882590292
Activity_macroF1,0.27245616912841797,0.028095384245301537
AVG_total_loss,1.2547594904899597,0.019437873652133262
