Activity_acc,Activity_macroF1,AVG_total_loss
0.489130437374115,0.25258973240852356,1.241014838218689
0.510869562625885,0.2923226058483124,1.2685041427612305
