,mean,std
Activity_acc,0.7897196114063263,0.019825413924190932
Activity_macroF1,0.7764857709407806,0.020545450684151045
AVG_total_loss,0.7831537127494812,0.004036993737767474
