Activity_acc,Activity_macroF1,AVG_total_loss
0.7757009267807007,0.7619579434394836,0.7860082983970642
0.8037382960319519,0.7910135984420776,0.7802991271018982
